reference,name,alt_names,country,dob,remarks
OXS-0001,EXAMPLE ORGANIZATION,,XX,,Sample entry - not a real designation
OXS-0002,TEST ALPHA BRAVO,GABRIEL A. TEST;TEST ALPHA-B.,XX,1970-04-02,Sample entry - not a real designation
OXS-0003,DEMO CHARLIE DELTA,DELTA C. DEMO,YY,1985-11-23,Sample entry - not a real designation
OXS-0004,SAMPLE ECHO FOXTROT,,XX,,Sample entry - not a real designation
OXS-0005,ILLUSTRATIVE HOTEL INDIA,HOTEL I. ILLUSTRATIVE,ZZ,1961-07-19,Sample entry - not a real designation
OXS-0006,JULIETT KILO LIMAB,KILO LIMAB JULIETT,YY,1978-01-31,Sample entry - not a real designation
OXS-0007,MIKE NOVEMBER OSCAR,NOVEMBER M. OSCAR,XX,1990-09-09,Sample entry - not a real designation
OXS-0008,PAPA QUEBEC ROMEO,,ZZ,,Sample entry - not a real designation
OXS-0009,SIERRA TANGO UNIFORM,TANGO U. SIERRA,YY,1955-12-12,Sample entry - not a real designation
OXS-0010,VICTOR WHISKEY XRAY,,XX,1972-03-04,Sample entry - not a real designation
OXS-0011,YANKEE ZOO ALPHA,ZOO Y. ALPHA,ZZ,1983-06-21,Sample entry - not a real designation
OXS-0012,EXAMPLE SHIPPING AGENCY LTD,EXAMPLE SHPG AGENCY;EXAMPLE FWD LTD,XX,,Sample entry - not a real designation
